0	netfs_status	ns_threadids	uint64_t[0]
1	__sFILE	_nbuf	unsigned char[1]
1024	dirent	d_name	char[1024]
1024	statfs	f_mntfromname	char[1024]
1024	statfs	f_mntonname	char[1024]
1024	vfsstatfs	f_mntfromname	char[1024]
1024	vfsstatfs	f_mntonname	char[1024]
104	sockaddr_un	sun_path	char[104]
112	sockaddr_storage	__ss_pad2	char[112]
12	vfsidctl	vc_spare	u_int32_t[12]
128		__mbstate8	char[128]
128	SHA512state_st	p	unsigned char[128]
128	fhandle	fh_data	unsigned char[128]
13	__darwin_arm_thread_state	__r	__uint32_t[13]
14	sockaddr	sa_data	char[14]
15	vfsconf	vfc_name	char[15]
16	SHA256state_st	data	unsigned int[16]
16	SHA512state_st	d	unsigned long long[16]
16	SHAstate_st	data	unsigned int[16]
16	__arm_legacy_debug_state	__bcr	__uint32_t[16]
16	__arm_legacy_debug_state	__bvr	__uint32_t[16]
16	__arm_legacy_debug_state	__wcr	__uint32_t[16]
16	__arm_legacy_debug_state	__wvr	__uint32_t[16]
16	__darwin_arm_cpmu_state64	__ctrs	__uint64_t[16]
16	__darwin_arm_debug_state32	__bcr	__uint32_t[16]
16	__darwin_arm_debug_state32	__bvr	__uint32_t[16]
16	__darwin_arm_debug_state32	__wcr	__uint32_t[16]
16	__darwin_arm_debug_state32	__wvr	__uint32_t[16]
16	__darwin_arm_debug_state64	__bcr	__uint64_t[16]
16	__darwin_arm_debug_state64	__bvr	__uint64_t[16]
16	__darwin_arm_debug_state64	__wcr	__uint64_t[16]
16	__darwin_arm_debug_state64	__wvr	__uint64_t[16]
16	__darwin_arm_neon_state	__v	__uint128_t[16]
16	__darwin_arm_sve_p_state	__p	char[16][32]
16	__darwin_arm_sve_z_state	__z	char[16][256]
16	_opaque_pthread_rwlockattr_t	__opaque	char[16]
16	evp_cipher_info_st	iv	unsigned char[16]
16	ifaliasreq	ifra_name	char[16]
16	ifdrv	ifd_name	char[16]
16	ifmediareq	ifm_name	char[16]
16	ifreq	ifr_name	char[16]
16	ifstat	ifs_name	char[16]
16	in6_addr	__u6_addr8	__uint8_t[16]
16	net_event_data	if_name	char[16]
16	rusage_info_v0	ri_uuid	uint8_t[16]
16	rusage_info_v1	ri_uuid	uint8_t[16]
16	rusage_info_v2	ri_uuid	uint8_t[16]
16	rusage_info_v3	ri_uuid	uint8_t[16]
16	rusage_info_v4	ri_uuid	uint8_t[16]
16	rusage_info_v5	ri_uuid	uint8_t[16]
16	rusage_info_v6	ri_uuid	uint8_t[16]
16	statfs	f_fstypename	char[16]
16	vfsstatfs	f_fstypename	char[16]
16	xucred	cr_groups	gid_t[16]
18	curl_hstsentry	expire	char[18]
192	_opaque_pthread_rwlock_t	__opaque	char[192]
2	accessx_descriptor	ad_pad	int[2]
2	fsid	val	int32_t[2]
2	ifreq	ifru_cap	int[2]
2	mach_port_options	implicit	uint64_t[2]
2	mach_port_options	reserved	uint64_t[2]
2	stat	st_qspare	__int64_t[2]
2	vfsstatfs	f_reserved	void *[2]
20	fsignatures	fs_cdhash	char[20]
20	termios	c_cc	cc_t[20]
255	fattributiontag	ft_attribution_name	char[255]
255	mach_service_port_info	mspi_string_name	char[255]
256	utsname	machine	char[256]
256	utsname	nodename	char[256]
256	utsname	release	char[256]
256	utsname	sysname	char[256]
256	utsname	version	char[256]
29	__darwin_arm_thread_state64	__x	__uint64_t[29]
3	__sFILE	_ubuf	unsigned char[3]
31	vfsquery	vq_spare	u_int32_t[31]
32	__darwin_arm_neon_state64	__v	__uint128_t[32]
32	fd_set	fds_bits	__int32_t[32]
4	au_tid_addr	at_addr	u_int32_t[4]
4	in6_addr	__u6_addr32	__uint32_t[4]
4	sched_param	__opaque	char[4]
4	vol_capabilities_attr	capabilities	vol_capabilities_set_t
4	vol_capabilities_attr	valid	vol_capabilities_set_t
40	_opaque_pthread_cond_t	__opaque	char[40]
40	ip_opts	ip_opts	char[40]
4096	__darwin_arm_sme_za_state	__za	char[4096]
48	sqlite3_snapshot	hidden	unsigned char[48]
512	graft_args	max_size	u_int8_t[512]
512	netfs_status	ns_mountopts	char[512]
548	searchstate	ss_fsstate	u_char[548]
56	_opaque_pthread_attr_t	__opaque	char[56]
56	_opaque_pthread_mutex_t	__opaque	char[56]
6	mach_port_info_ext	reserved	uint32_t[6]
6	rusage_info_v6	ri_reserved	uint64_t[6]
6	sockaddr_storage	__ss_pad1	char[6]
64	__darwin_arm_sme2_state	__zt0	char[64]
64	__darwin_arm_vfp_state	__r	__uint32_t[64]
7	__siginfo	__pad	unsigned long[7]
7	statfs	f_reserved	uint32_t[7]
768	vfs_server	vs_server_name	u_int8_t[768]
8	SHA256state_st	h	unsigned int[8]
8	SHA512state_st	h	unsigned long long[8]
8	_opaque_pthread_condattr_t	__opaque	char[8]
8	_opaque_pthread_mutexattr_t	__opaque	char[8]
8	_opaque_pthread_once_t	__opaque	char[8]
8	in6_addr	__u6_addr16	__uint16_t[8]
8	sockaddr_in	sin_zero	char[8]
801	ifstat	ascii	char[801]
8176	_opaque_pthread_t	__opaque	char[8176]
