1	_IO_FILE	_short_backupbuf	char[1]
1	_IO_FILE	_shortbuf	char[1]
1	__cancel_jmp_buf_tag	__cancel_jmp_buf	struct __cancel_jmp_buf_tag[1]
1	group_filter	gf_slist	struct sockaddr_storage[1]
1	ip_msfilter	imsf_slist	struct in_addr[1]
108	sockaddr_un	sun_path	char[108]
118	sockaddr_storage	__ss_padding	char[118]
12	sigevent	_pad	int[12]
128	SHA512state_st	p	unsigned char[128]
13	__locale_struct	__locales	struct __locale_data *[13]
13	__locale_struct	__names	const char *[13]
14	osockaddr	sa_data	unsigned char[14]
14	sockaddr	sa_data	char[14]
16	SHA256state_st	data	unsigned int[16]
16	SHA512state_st	d	unsigned long long[16]
16	SHAstate_st	data	unsigned int[16]
16	_IO_cookie_io_functions_t	__val	unsigned long[16]
16	cmsghdr	fds_bits	unsigned long[16]
16	elf_prpsinfo	pr_fname	char[16]
16	evp_cipher_info_st	iv	unsigned char[16]
16	ifreq	ifrn_name	char[16]
16	ifreq	ifru_newname	char[16]
16	ifreq	ifru_slave	char[16]
16	in6_addr	__u6_addr8	uint8_t[16]
16	sched_param	__bits	__cpu_mask[16]
16	timespec	__fds_bits	__fd_mask[16]
18	curl_hstsentry	expire	char[18]
2		__val	int[2]
2	__pthread_cond_s	__g_signals	unsigned int[2]
2	__pthread_cond_s	__g_size	unsigned int[2]
2	cmsghdr	val	int[2]
2	stat	__glibc_reserved	int[2]
2	sve_context	__reserved	__u16[2]
20	_IO_FILE	_unused2	char[20]
22	__cancel_jmp_buf_tag	__cancel_jmp_buf	__jmp_buf
22	__jmp_buf_tag	__jmpbuf	__jmp_buf
256	dirent	d_name	char[256]
28	sigval	_pad	int[28]
3	drand48_data	__old_x	unsigned short[3]
3	drand48_data	__x	unsigned short[3]
3	extra_context	__reserved	__u32[3]
3	za_context	__reserved	__u16[3]
3	zt_context	__reserved	__u16[3]
31	elf_prpsinfo	regs	unsigned long long[31]
31	sigcontext	regs	__u64[31]
31	user_regs_struct	regs	unsigned long long[31]
32	fpsimd_context	vregs	__uint128_t[32]
32	pthread_attr_t	__size	char[32]
32	termios	c_cc	cc_t[32]
32	user_fpsimd_struct	vregs	__uint128_t[32]
34	elf_prstatus	pr_reg	elf_gregset_t
4		__wchb	char[4]
4	__cancel_jmp_buf_tag	__pad	void *[4]
4	in6_addr	__u6_addr32	uint32_t[4]
40	ip_opts	ip_opts	char[40]
4096	elf_prpsinfo	__reserved	unsigned char[4096]
4096	sigcontext	__reserved	__u8[4096]
48	pthread_attr_t	__size	char[48]
48	sqlite3_snapshot	hidden	unsigned char[48]
49	statmount	__spare2	__u64[49]
5	statvfs	__f_spare	int[5]
56	pthread_attr_t	__size	char[56]
64	pthread_attr_t	__size	char[64]
65	utsname	__domainname	char[65]
65	utsname	machine	char[65]
65	utsname	nodename	char[65]
65	utsname	release	char[65]
65	utsname	sysname	char[65]
65	utsname	version	char[65]
8	SHA256state_st	h	unsigned int[8]
8	SHA512state_st	h	unsigned long long[8]
8	__pthread_cond_s	__size	char[8]
8	in6_addr	__u6_addr16	uint16_t[8]
8	pthread_attr_t	__size	char[8]
8	sockaddr_in	|	unsigned char[8]
8	termio	c_cc	unsigned char[8]
80	elf_prpsinfo	pr_psargs	char[80]
