I-01	a92b510b2a200fcc3
II-01	a63b439dad042d2b1
III-01	a0937a503ee9fcc23
IV-01	ac29cbadc292f8e22
I-02	a536cec68ea537b1e
I-03	a761cccfc05ac99a1
I-04	a745d227a35734bfb
II-02	ac61a014d85233e32
II-03	a927ed78b7cc132c4
II-04	a09c7d90d5563e1f9
III-02	a48196856635b756c
III-03	a222e0ee948e1d03c
III-04	ae4ff65621147e260
IV-02	a33d8685b980921e5
IV-03	ac0d35c0804846b9b
IV-04	a0d82210c506b1786
I-05	a9f03fc699575d7c7
I-06	ad6bbf5e252fc09e3
I-07	a87b555152c757714
II-05	a7e1a61f368f29551
II-06	abb77c344853baa69
II-07	a2ca238b076c191cf
III-05	a9a1b2751abab8798
III-06	a12df4bd616dc0980
III-07	ad02694e1bff1179e
IV-05	aa4ed2c2e67101d7b
IV-06	abb65c82a3a4aa9f3
IV-07	a24f8bc4593439dff
I-08	af344a902eb81e93f
II-08	ab197d320ecf25b04
III-08	ae9d5a88f7fe5b5bf
I-09	aefd67ed232e8fbbb
I-10	a4d72db246e954347
II-09	ae84ab170932d0f81
II-10	aef261159aeffa773
III-09	a9e1ec17d9371bf2b
III-10	a232901c177cf0a61
IV-08	a8622e859ef763bb5
IV-09	a6499c068c2d134de
IV-10	a513712b92d3c3cf3
V-01	a43051a96ad82d9ab
V-02	ad070acfa644b6127
V-03	ac4f4621124183acb
V-04	a4cc406cddd1bc7db
V-05	a0657d4dcca2dacb6
V-06	adfbe44afc5da6911
V-07	a5b60f148762bde21
V-08	a3d0f265d7f49c9f5
V-09	adfa07f6c6b2961b4
V-10	ae6dcf99372402246
