I-01	I	literal	u8	t1=check:fixed_outside_a_group	t1n=check:fixed_outside_a_group	t2=run:1:ffi_field_type	t3=run:1:ffi_field_type	t3n=ok	claim=no	noinit=no
I-02	I	partial-literal	i8	t1=ok	t1n=ok	t2=ok	t3=ok	t3n=ok	claim=no	noinit=no
I-03	I	literal	i8	t1=ok	t1n=ok	t2=ok	t3=ok	t3n=ok	claim=no	noinit=no
I-04	I	literal	i8	t1=ok	t1n=ok	t2=ok	t3=ok	t3n=ok	claim=no	noinit=no
I-05	I	literal	i8	t1=ok	t1n=ok	t2=ok	t3=ok	t3n=ok	claim=no	noinit=no
I-06	I	literal	i8	t1=ok	t1n=ok	t2=run:1:ffi_missing_library	t3=ok	t3n=ok	claim=no	noinit=no
I-07	I	literal	i8	t1=check:fixed_outside_a_group	t1n=check:fixed_outside_a_group	t2=ok	t3=ok	t3n=ok	claim=no	noinit=no
I-08	I	partial-literal	i8	t1=ok	t1n=ok	t2=run:1:ffi_missing_library	t3=ok	t3n=ok	claim=no	noinit=no
I-09	I	partial-literal	i8	t1=ok	t1n=ok	t2=ok	t3=ok	t3n=ok	claim=no	noinit=no
I-10	I	literal	i8	t1=ok	t1n=ok	t2=ok	t3=ok	t3n=ok	claim=no	noinit=no
II-01	II	rest	u8	t1=run:1:ffi_field_type	t1n=ok	t2=check:unknown_function	t3=run:1:ffi_field_type	t3n=ok	claim=no	noinit=no
II-02	II	rest	i8	t1=ok	t1n=ok	t2=check:unknown_function	t3=ok	t3n=ok	claim=no	noinit=no
II-03	II	rest	i8	t1=ok	t1n=ok	t2=check:unknown_function	t3=check:fixed_outside_a_group	t3n=check:fixed_outside_a_group	claim=no	noinit=no
II-04	II	rest	i8	t1=ok	t1n=ok	t2=check:unknown_function	t3=check:fixed_outside_a_group	t3n=check:fixed_outside_a_group	claim=no	noinit=no
II-05	II	rest	u8	t1=run:1:ffi_field_type	t1n=ok	t2=check:unknown_function	t3=run:1:ffi_field_type	t3n=ok	claim=no	noinit=no
II-06	II	rest	u8	t1=run:1:ffi_field_type	t1n=ok	t2=check:unknown_function	t3=check:lent_shape	t3n=check:lent_shape	claim=no	noinit=no
II-07	II	rest	u8	t1=run:1:ffi_field_type	t1n=ok	t2=check:unknown_function	t3=run:1:ffi_field_type	t3n=ok	claim=no	noinit=no
II-08	II	rest	u8	t1=run:1:ffi_field_type	t1n=ok	t2=check:unknown_function	t3=run:1:ffi_field_type	t3n=ok	claim=no	noinit=no
II-09	II	rest	u8	t1=run:1:ffi_field_type	t1n=ok	t2=check:unknown_function	t3=run:1:ffi_field_type	t3n=ok	claim=no	noinit=no
II-10	II	rest	i8	t1=ok	t1n=ok	t2=check:unknown_function	t3=check:fixed_outside_a_group	t3n=check:fixed_outside_a_group	claim=no	noinit=no
III-01	III	rest	u8	t1=run:1:ffi_field_type	t1n=ok	t2=check:unknown_function	t3=run:1:ffi_field_type	t3n=ok	claim=no	noinit=no
III-02	III	rest	u8	t1=run:1:ffi_field_type	t1n=ok	t2=check:unknown_function	t3=run:1:ffi_field_type	t3n=ok	claim=no	noinit=no
III-03	III	rest	u8	t1=run:1:ffi_field_type	t1n=ok	t2=check:unknown_function	t3=run:1:ffi_field_type	t3n=ok	claim=no	noinit=no
III-04	III	rest	i8	t1=ok	t1n=ok	t2=check:unknown_function	t3=ok	t3n=ok	claim=no	noinit=no
III-05	III	rest	i8	t1=ok	t1n=ok	t2=check:unknown_function	t3=check:empty_record	t3n=check:empty_record	claim=no	noinit=no
III-06	III	rest	u8	t1=run:1:ffi_field_type	t1n=ok	t2=check:unknown_function	t3=run:1:ffi_field_type	t3n=ok	claim=no	noinit=no
III-07	III	rest	u8	t1=run:1:ffi_field_type	t1n=ok	t2=check:unknown_function	t3=run:1:ffi_field_type	t3n=ok	claim=no	noinit=no
III-08	III	rest	i8	t1=ok	t1n=ok	t2=check:unknown_function	t3=ok	t3n=ok	claim=no	noinit=no
III-09	III	rest	u8	t1=run:1:ffi_field_type	t1n=ok	t2=check:unknown_function	t3=run:1:ffi_field_type	t3n=ok	claim=no	noinit=no
III-10	III	rest	i8	t1=ok	t1n=ok	t2=check:unknown_function	t3=check:empty_record	t3n=check:empty_record	claim=no	noinit=no
IV-01	IV	repeat	u8	t1=run:1:ffi_field_type	t1n=ok	t2=run:1:ffi_field_type	t3=run:1:ffi_field_type	t3n=ok	claim=no	noinit=no
IV-02	IV	repeat	i8	t1=ok	t1n=ok	t2=ok	t3=ok	t3n=ok	claim=no	noinit=no
IV-03	IV	repeat	u8	t1=run:1:ffi_field_type	t1n=ok	t2=run:1:ffi_field_type	t3=run:1:ffi_field_type	t3n=ok	claim=no	noinit=no
IV-04	IV	repeat	u8	t1=run:1:ffi_field_type	t1n=ok	t2=run:1:ffi_field_type	t3=run:1:ffi_field_type	t3n=ok	claim=no	noinit=no
IV-05	IV	repeat	i8	t1=ok	t1n=ok	t2=run:1:ffi_missing_library	t3=ok	t3n=ok	claim=no	noinit=no
IV-06	IV	repeat	i8	t1=ok	t1n=ok	t2=ok	t3=ok	t3n=ok	claim=no	noinit=no
IV-07	IV	repeat	i8	t1=ok	t1n=ok	t2=ok	t3=ok	t3n=ok	claim=no	noinit=no
IV-08	IV	repeat	i8	t1=ok	t1n=ok	t2=run:1:ffi_missing_library	t3=ok	t3n=ok	claim=no	noinit=no
IV-09	IV	repeat	i8	t1=ok	t1n=ok	t2=ok	t3=ok	t3n=ok	claim=no	noinit=no
IV-10	IV	repeat	i8	t1=ok	t1n=ok	t2=ok	t3=ok	t3n=ok	claim=no	noinit=no
