draft	legacy	cl100k	real	refresh_exit	digest
baseline	6160	6282	8361	0	0159e9b26bd998a2
P_verbatim	6282	6404	8522	0	08fbf86e59e90f21
P_honest	6287	6409	8530	0	5bd4eb153ddfdc65
R1	6204	6326	8416	0	2d2ffca85e8ef92d
R1_Z1_asworded	6240	6362	8463	0	117b9d7b16b4528a
R1_Z1_honest	6245	6367	8471	0	4ec6ed7149802008
R1_Z2_warned	6233	6354	8452	0	430b42c31548b936
T_verbatim	6202	6324	8420	0	2c37e38b30da7955
T_honest	6219	6341	8436	0	154f240804a38eb3
T_merged	6210	6332	8422	0	4d765ab0207229ee
R2	6192	6315	8402	0	632283aa4b2cdcb5
A_bare_variantIV	6194	6317	8403	0	3a6a85c21c51990c
A_merged_honest	6188	6311	8397	0	2b00ebfe0adcf391
R0	6189	6311	8396	0	3f5b7f4c517d8e6a
R0_Z1_honest	6222	6344	8440	0	77bedb784625f2ba
L_restated	6189	6312	8397	0	64a42bb56df4a3d4
D	6211	6335	8427	0	751988c01ae71615
H_header_length	6179	6301	8386	0	22e4f8505b819bf0
R1_Tmerged	6254	6376	8477	0	79c8a13046074bf5
R1_nopad	6196	6318	8406	0	71ea67fe44b1c7c5
R1_noguard	6194	6316	8403	0	6688a2b4724c5e91
R1_merged	6194	6316	8402	0	4cda42ba2dc49d42
R0_honest	6200	6324	8411	0	1f5d628b41ef30e2
R1_merged_allbytes	6196	6318	8402	0	1d102668392d45f2
R1_merged_padding	6191	6313	8397	0	7b3f1e885cadf0b7
